{"0":{"mean":0.0673178339,"var":0.9363879741},"1":{"mean":0.027923601,"var":0.9826322285},"2":{"mean":0.034603256,"var":0.9576763108},"3":{"mean":0.0500992596,"var":0.9904892619},"4":{"mean":-0.0366265587,"var":0.9872502972},"5":{"mean":-0.2785161908,"var":1.1076120618},"6":{"mean":-0.0516767877,"var":1.3446094166},"7":{"mean":0.0045950219,"var":1.2749219402},"8":{"mean":-0.1602394709,"var":1.0715813462},"9":{"mean":0.0141916518,"var":1.0397023837},"10":{"mean":-0.110449026,"var":0.9595553098},"11":{"mean":0.1082538704,"var":0.8481097546},"12":{"mean":-0.2534043543,"var":0.6353924714},"13":{"mean":-0.0433537362,"var":1.0302963383},"14":{"mean":0.0177098596,"var":0.9954949149},"15":{"mean":0.0464541296,"var":1.0126656678},"16":{"mean":-0.0304990406,"var":1.2097351234},"17":{"mean":-0.0039224266,"var":0.9522860428},"18":{"mean":0.0432204951,"var":1.1180285824},"19":{"mean":-0.0266884646,"var":0.9711919846},"20":{"mean":-0.0078263638,"var":0.9772177948},"21":{"mean":-0.0073867322,"var":1.1743298637},"22":{"mean":-0.0394281713,"var":1.0129106495},"23":{"mean":-0.0080817565,"var":0.9940447394},"24":{"mean":-0.0292150872,"var":1.0435222776},"25":{"mean":-0.0086717962,"var":0.928746222},"26":{"mean":-0.0602969449,"var":0.9614745343},"27":{"mean":-0.0135484225,"var":0.983850343},"28":{"mean":-0.0005228662,"var":1.1583304537},"29":{"mean":0.0245198321,"var":0.9793608427},"30":{"mean":-0.0194004806,"var":0.9774550908},"31":{"mean":-0.0397971183,"var":0.9951514711},"32":{"mean":0.0534601015,"var":1.0250591955},"33":{"mean":-0.1342277314,"var":0.9840506435},"34":{"mean":0.0291668587,"var":1.0422545577},"35":{"mean":-0.125485463,"var":1.0632760101},"36":{"mean":-0.1549458007,"var":0.9897186263},"37":{"mean":-0.1753473872,"var":1.042235084},"38":{"mean":0.010490699,"var":0.9571413507},"39":{"mean":-0.0026426265,"var":1.0400653319},"40":{"mean":0.0471374058,"var":1.0461958364},"41":{"mean":-0.1993819654,"var":1.2020749027},"42":{"mean":-0.105969221,"var":1.1556040431},"43":{"mean":0.015862656,"var":0.9692270885},"44":{"mean":0.0325447095,"var":1.0889926602},"45":{"mean":-0.0366757188,"var":1.0639152643},"46":{"mean":-0.2777126971,"var":1.0442802757},"47":{"mean":0.0186979269,"var":0.9720375521},"48":{"mean":-0.0074738682,"var":0.9411025328},"49":{"mean":0.0130319195,"var":1.0733070116},"50":{"mean":-0.0731966487,"var":1.0923189295},"51":{"mean":-0.043268415,"var":1.1528217073},"52":{"mean":-0.0143905328,"var":1.1630253662},"53":{"mean":0.018282862,"var":0.9735796762},"54":{"mean":0.0294229051,"var":0.9768180066},"55":{"mean":0.0057356547,"var":1.0405307455},"56":{"mean":0.0232255799,"var":1.0399027125},"57":{"mean":-0.0307941346,"var":1.0613894804},"58":{"mean":0.0428855295,"var":1.0282419991},"59":{"mean":0.0423344413,"var":0.9731734956},"60":{"mean":0.049638107,"var":0.9870890537},"61":{"mean":0.0290249715,"var":0.9950465321},"62":{"mean":0.0359286269,"var":0.965379471},"63":{"mean":-0.0036948686,"var":0.8789143127},"64":{"mean":0.0397256977,"var":0.9633636446},"65":{"mean":-0.0635461792,"var":0.9171723679},"66":{"mean":0.0283569271,"var":0.9238506473},"67":{"mean":0.0394284229,"var":0.95600584},"68":{"mean":0.0115992285,"var":0.8764647244},"69":{"mean":0.0718565157,"var":0.9587611617},"70":{"mean":0.1001265794,"var":1.0722179654},"71":{"mean":0.0248930189,"var":0.933170165},"72":{"mean":0.0490458234,"var":1.0079894065},"73":{"mean":0.0121445701,"var":0.9121801435},"74":{"mean":0.1569002812,"var":0.9551642002},"75":{"mean":-0.0535432995,"var":0.9418799727},"76":{"mean":0.0355791054,"var":1.0412824767},"77":{"mean":0.0671553496,"var":0.9530944381},"78":{"mean":-0.011413367,"var":0.8769408465},"79":{"mean":0.0506095242,"var":0.9754069508},"80":{"mean":0.0460441531,"var":0.9351546455},"81":{"mean":0.0611448923,"var":0.8545774213},"82":{"mean":0.0982021459,"var":0.9567563001},"83":{"mean":0.0190491252,"var":0.949562461},"84":{"mean":-0.0458641118,"var":0.9970928645},"85":{"mean":-0.0111274812,"var":1.0122667479},"86":{"mean":0.1388271801,"var":0.9326754885},"87":{"mean":0.088601312,"var":0.9440997204},"88":{"mean":0.0285211829,"var":0.8306465177},"89":{"mean":-0.0193517485,"var":0.9143458288},"90":{"mean":0.0288669271,"var":0.9742041513},"91":{"mean":-0.035169523,"var":1.0106957373},"92":{"mean":0.0986430038,"var":0.9635709038},"93":{"mean":0.0441013675,"var":0.9922204627},"94":{"mean":0.0186677968,"var":0.9838947257},"95":{"mean":0.0545318886,"var":0.9188137203},"96":{"mean":-0.0723839128,"var":0.9816119749},"97":{"mean":0.0319957133,"var":1.101806951},"98":{"mean":0.0899234016,"var":0.935974167},"99":{"mean":0.0316394045,"var":1.0503723013},"100":{"mean":-0.0259798369,"var":0.9804243143},"101":{"mean":-0.0391506097,"var":0.9586897763},"102":{"mean":0.2345111423,"var":0.9172594508},"103":{"mean":0.0886538893,"var":0.9559335083},"104":{"mean":-0.0107601208,"var":1.04103634},"105":{"mean":0.0794783866,"var":0.8298273742},"106":{"mean":-0.052015266,"var":1.7273440929},"107":{"mean":0.0048690129,"var":0.950415474},"108":{"mean":-0.0064223018,"var":0.9288753549},"109":{"mean":0.0026593792,"var":0.8963805617},"110":{"mean":-0.0774508302,"var":1.0011459369},"111":{"mean":-0.0080118836,"var":0.9612741441},"112":{"mean":-0.0184157779,"var":0.9823874262},"113":{"mean":0.126002282,"var":1.127776211},"114":{"mean":0.0860158162,"var":0.9743102955},"115":{"mean":0.0204307855,"var":1.0215127463},"116":{"mean":0.0113363314,"var":0.9683865264},"117":{"mean":0.1182530215,"var":1.0061592448},"118":{"mean":0.0151848602,"var":0.9573618426},"119":{"mean":0.0037111456,"var":0.9456185311},"120":{"mean":0.0812489809,"var":0.9084114992},"121":{"mean":-0.0277324444,"var":1.0383743734},"122":{"mean":0.0448527682,"var":0.9758971083},"123":{"mean":-0.0002387081,"var":1.0000953994},"124":{"mean":0.000470313,"var":1.0182594841},"125":{"mean":0.10477666,"var":0.93699789},"126":{"mean":-0.0207965315,"var":0.9999992514},"127":{"mean":0.0169879457,"var":0.9406745322},"128":{"mean":0.1055624488,"var":0.8458454347},"129":{"mean":0.01957209,"var":0.9118207729},"130":{"mean":0.0151334815,"var":0.9391264868},"131":{"mean":0.1390667379,"var":0.9076267663},"132":{"mean":0.0257858118,"var":0.9712137995},"133":{"mean":0.1327789981,"var":0.9426453496},"134":{"mean":0.0334429731,"var":0.9293033121},"135":{"mean":0.0245921186,"var":0.9393488093},"136":{"mean":-0.0074969643,"var":1.0318909856},"137":{"mean":0.0550986973,"var":1.0050209026},"138":{"mean":0.0387654379,"var":0.9493985997},"139":{"mean":-0.0182927202,"var":1.3141823471},"140":{"mean":0.0341616717,"var":1.163587438},"141":{"mean":-0.585352387,"var":0.5724526407},"142":{"mean":-0.0144921557,"var":0.9732474591},"143":{"mean":-0.0244429232,"var":0.892952664},"144":{"mean":0.0295721077,"var":0.9554564024},"145":{"mean":0.0237264871,"var":0.9334641043},"146":{"mean":-0.0061085736,"var":0.9126378687},"147":{"mean":-0.0035899402,"var":0.9507990656},"148":{"mean":-0.4073440797,"var":0.8475206173},"149":{"mean":-0.0698591173,"var":0.9567585114},"150":{"mean":-0.2199124139,"var":0.9093735232},"151":{"mean":-0.0146251905,"var":1.098406588},"152":{"mean":-0.2242223849,"var":0.939625311},"153":{"mean":0.0864179656,"var":0.9014898698},"154":{"mean":-0.2913130091,"var":1.0773627186},"155":{"mean":-0.0794850989,"var":0.9130958276},"156":{"mean":-0.0044320083,"var":0.9312026329},"157":{"mean":-0.0098800505,"var":1.0101577118},"158":{"mean":0.0070629728,"var":1.0184492394},"159":{"mean":-0.203180408,"var":1.1024284934},"160":{"mean":0.0383669002,"var":0.9914283881},"161":{"mean":-0.0082426372,"var":1.0321627349},"162":{"mean":-0.0089888449,"var":0.9925444576},"163":{"mean":-0.0444188724,"var":1.2279047733},"164":{"mean":-0.4053995815,"var":0.9597145179},"165":{"mean":-0.187858811,"var":0.8552850614},"166":{"mean":0.1385318597,"var":1.049608865},"167":{"mean":0.1293653641,"var":0.8551892894},"168":{"mean":-0.0969033714,"var":0.9558162577},"169":{"mean":-0.0353445906,"var":0.9034351945},"170":{"mean":-0.0686277715,"var":1.0285463668},"171":{"mean":-0.0868587717,