{"0": 0.010803150924587508, "1": 0.009787362439444733, "2": 0.021236224170245784, "3": 0.0037800812227399335, "4": 0.006188003936156016, "5": 0.014310454160655049, "6": 0.01147582158520538, "7": 0.008314482991498557, "8": 0.009656362187952908, "9": 0.012560997365184628, "10": 0.008211742944774511, "11": 0.0050747157141392794, "12": 0.002266560762742648, "13": 0.014657325957299404, "14": 0.01296159225216163, "15": 0.003750419421879919, "16": 0.003645403871819035, "17": 0.009652899206029018, "18": 0.005858517845768791, "19": 0.009043722994223836, "20": 0.009342288258613675, "21": 0.009001456842553487, "22": 0.0017840471534981677, "23": 0.0015528410464713581, "24": 0.003681826364745494, "25": 0.010310385518730607, "26": 0.006365579220847811, "27": 0.005605873344556096, "28": 0.007128825616663763, "29": 0.005062607640746433, "30": 0.00965099832414896, "31": 0.004510387702831175, "32": 0.0050720768652596036, "33": -0.002286311465719626, "34": 0.004912194714721684, "35": 0.008994208893962546, "36": 0.008434803351802163, "37": 0.010137627554561662, "38": 0.009822775511350213, "39": 0.007022983983514885, "40": 0.0034594895338276436, "41": 0.002711387022553217, "42": 0.011516337000321319, "43": 0.014537617140618414, "44": 0.010897512912469647, "45": 0.005224018335252437, "46": 0.0063861904524931, "47": 0.006558339673640591, "48": 0.010455372742920221, "49": 0.010093413600447593, "50": 0.012715459214309402, "51": 0.0067106524081515136, "52": 0.009625884971365505, "53": 0.008975876323993595, "54": 0.005279481025460947, "55": 0.012266988623713873, "56": 0.010219977292575757, "57": 0.007607633138627171, "58": 0.0010413094541257258, "59": 0.008762984340863655, "60": 0.009100718260543782, "61": 0.00694803184599601, "62": 0.007174331989099809, "63": 0.006675330682107107, "64": 0.011651675777449544, "65": 0.01892602825378345, "66": 0.011877343280748031, "67": 0.014886227966463652, "68": 0.014674435523337321, "69": 0.01288494590646131, "70": 0.011494340305015675, "71": 0.011557398455902401, "72": 0.009028127396117781, "73": 0.01223437484005994, "74": 0.012902861690934374, "75": 0.009524816371753479, "76": 0.014967680651209327, "77": 0.007705929845664822, "78": 0.004141469780723047, "79": 0.011283541341024437, "80": 0.00691703776192182, "81": 0.01644751651883655, "82": 0.015029824097308277, "83": 0.014204586470980106, "84": 0.014617896851797043, "85": 0.012323577995005466, "86": 0.01916775622385686, "87": 0.012292890836632608, "88": 0.01309123789957121, "89": 0.01191148957036088, "90": 0.012360664129822658, "91": 0.009679544809486811, "92": 0.009064838316348722, "93": 0.013974789366974969, "94": 0.007496252877039302, "95": 0.013215209576618751, "96": 0.012827615973713118, "97": 0.010300898593306487, "98": 0.007667069188484037, "99": 0.010083904325851642, "100": 0.011970218072089018, "101": 0.006302490295659999, "102": 0.012277009697126366, "103": 0.008280628060782119, "104": 0.0020260591386317456, "105": 0.009305533173716353, "106": 0.008367184124166704, "107": 0.006762258059413778, "108": 0.005539379836079658, "109": 0.005114072727694769, "110": 0.003290438890417679, "111": 0.0039029515596083722, "112": 0.0011578257906850354, "113": 0.0019039562316442774, "114": 0.012070029557330322, "115": 0.002756965434573319, "116": -0.001474218190576088, "117": 0.0033589779666095914, "118": 0.012824800836712467, "119": 0.009470487694773742, "120": 0.012735494597475118, "121": 0.006354667259665499, "122": 0.007109753108769553, "123": 0.004579816228299064, "124": 0.006439844481729517, "125": 0.012043055370973098, "126": 0.008872551982112446, "127": 0.009033505509059275, "128": 0.01063592675479366, "129": 0.008044629023660854, "130": 0.004906066340235468, "131": 0.013626173701211055, "132": 0.009995265097487055, "133": 0.010818927754291779, "134": 0.009381008551435492, "135": 0.011989463096336691, "136": 0.006691848842538415, "137": 0.01203445258573097, "138": 0.005634893948906761, "139": 0.009482452739817251, "140": 0.0021443366842262244, "141": -0.001077172622403962, "142": 0.01078724419078436, "143": 0.011042404746925891, "144": 0.011698963284096727, "145": 0.0035567555764677685, "146": 0.005149695842127541, "147": 0.01239022035407226, "148": 0.005076684365045478, "149": 0.006152814182518993, "150": 0.002871850739939638, "151": 0.005992446790174333, "152": 0.004332177993629343, "153": 0.004949681609630683, "154": 0.0068694136883999364, "155": 0.014143409437590055, "156": 0.014727080857592651, "157": 0.009476883766754606, "158": 0.015995666271691366, "159": 0.007280779652433523, "160": 0.017429072196337308, "161": 0.009876310455743276, "162": 0.005132977079004311, "163": 0.00584584115076609, "164": -0.0025276622826098773, "165": 0.0050395538102399, "166": 0.00945102060175381, "167": 0.007581960684913861, "168": 0.007593105326270843, "169": 0.006068518673873945, "170": 0.007258232185521421, "171": 0.009224129295848297, "172": 0.011325858406449047, "173": 0.0129760029317251, "174": 0.009956909803164849, "175": 0.014065341379811342, "176": 0.007608836348105641, "177": 0.01302384532473546, "178": 0.003716712449922191, "179": 0.0026019996371629424, "180": 0.008559717266175522, "181": 0.009443645601993024, "182": 0.011659983687734717, "183": 0.0072555601208676435, "184": 0.009153888058458983, "185": 0.00829024576433358, "186": 0.013541601891213898, "187": 0.007882014018833176, "188": 0.0058734681565737, "189": 0.009500310657898556, "190": 0.011590014644628386, "191": 0.01636481312106854, "192": 0.016650177624209176, "193": 0.005806115569081542, "194": 0.008223270971679368, "195": 0.013171028169198492, "196": 0.009429319554055854, "197": 0.01577541147840612, "198": 0.006912200452719444, "199": 0.016061681666387752, "200": -0.001976526793947908, "201": 0.010089654505753427, "202": -0.0070833231944626655, "203": -0.00015134321344897835, "204": -0.01154251194703527, "205": -0.012625495506534821, "206": -0.008356016808867826, "207": 0.008761486156685252, "208": 0.005584313201407198, "209": -0.00773299177929465, "210": -0.009262396555176402, "211": -0.000798215694188186, "212": 0.0024671486622210334, "213": -0.000415531363042859, "214": 0.011598623170674711, "215": 0.0053575113184881435, "216": 0.002061175991818829, "217": -0.001706210268651392, "218": 0.014088822828981109, "219": 0.0034381277366851413, "220": 0.004477561343434146, "221": 0.010468317208238084, "222": -0.008200556756367086, "223": -0.004549549046093218, "224": -0.007231860618930368, "225": -0.004927871466186433, "226": -0.003765349096866386, "227": 0.008713411892706004, "228": -0.005968853064100637, "229": -0.00449055368732719, "230": 0.009690701524775984, "231": 0.008202026439573074, "232": 0.006981318436725732, "233": -0.0017371299072561554, "234": 0.007636232529975876, "235": 0.0008514890265176664, "236": -0.004171985907531581, "237": 0.001788065350315864, "238": 0.0024540150433048614, "239": -0.0018948323653667314, "240": -0.0005177081374865889, "241": -0.0004768191321361596, "242": 0.006297155616021161, "243": -0.003845874555391487, "244": -0.0006733691660443447, "245": -0.0006921223605444466, "246": 0.003318669232115199, "247": 0.0038057316654763833, "248": 0.007488920262299903, "249": -0.0021533813401213796, "250": 0.004751738502353192, "251": 0.003005537144981331, "252": -0.004450524851320675, "253": 0.006885857747981591, "254": -0.005458158416606509, "255": 0.0007358276135629214, "256": 0.004811357438120569, "257": 0.0065768804797804005, "258": 0.006186507663152579, "259": 0.004925173508823983, "260": 0.004685026734815246, "261": 0.0027447483890201026, "262": 0.005178776041912364, "263": 0.0034576725396803, "264": 0.003067669220019452, "265": 0.00266094746382477, "266": -0.007763108201422094, "267": -0.005136434857015705, "268": -0.0035431037593087085, "269": -0.005994038732107039, "270": -0.008830568974320564, "271": -0.0048018630651719164, "272": -0.005054449272157593, "273": -0.004941354132956616, "274": -0.006131817891253819, "275": -0.0055242509528015075, "276": -0.005864780371308178,